variable,atipicos,% atipicos
Curricular units 2nd sem (grade),877,19.82
Curricular units 1st sem (grade),726,16.41
Curricular units 1st sem (credited),577,13.04
Curricular units 2nd sem (credited),530,11.98
Age at enrollment,441,9.97
Curricular units 1st sem (enrolled),424,9.58
Curricular units 2nd sem (enrolled),369,8.34
Curricular units 1st sem (without evaluations),294,6.65
Curricular units 2nd sem (without evaluations),282,6.37
Curricular units 1st sem (approved),180,4.07
Previous qualification (grade),179,4.05
Curricular units 1st sem (evaluations),158,3.57
Curricular units 2nd sem (evaluations),109,2.46
Admission grade,86,1.94
Curricular units 2nd sem (approved),44,0.99
Unemployment rate,0,0.0
Inflation rate,0,0.0
GDP,0,0.0
